id;latitud;provincia;altitud;indicativo;nombre;indsinop;longitud
1;393022N;ILLES BALEARS;149;B341X;PORRERES;;030020E
2;284817N;STA. CRUZ DE TENERIFE;362;C148F;SAN ANDR?S Y SAUCES;;174656W
3;282501N;LAS PALMAS;252;C248E;ANTIGUA;;140109W
4;280742N;STA. CRUZ DE TENERIFE;916;C316I;ARURE;;171854W
5;281044N;STA. CRUZ DE TENERIFE;765;C317B;AGULO;;171247W
6;281400N;STA. CRUZ DE TENERIFE;735;C417J;CITFAGRO_74_CHIO;;164721W
7;281935N;STA. CRUZ DE TENERIFE;290;C436I;CITFAGRO_54_TOPONEGRO;;162420W
8;274859N;LAS PALMAS;10;C629X;MOG?N, PUERTO;60036;154551W
9;274308N;STA. CRUZ DE TENERIFE;948;C916Q;EL PINAR, DEP?SITO;;175841W
10;280839N;STA. CRUZ DE TENERIFE;1258;C426E;CITFAGRO_13_VILAFLOR;;163741W
11;274331N;STA. CRUZ DE TENERIFE;713;C917E;EL PINAR, LA DEHESA;;180654W
12;282142N;STA. CRUZ DE TENERIFE;1065;C455M;CITFAGRO_87_AGUAMANSA;;162949W
13;411438N;BARCELONA;58;0073X;SITGES;;015109E
14;413903N;BARCELONA;40;0255B;SANTA SUSANNA;8188;024149E
15;275536N;LAS PALMAS;1220;C623I;SAN BARTOLOME TIRAJANA, CUEVAS DEL PINAR;;153559W
16;421530N;GIRONA;851;0312X;SANT PAU DE SEG?RIES;;022152E
17;405729N;TARRAGONA;32;0002I;VANDELL?S;8169;005217E
18;431244N;NAVARRA;305;1021Y;ARTICUTZA (AUTOMATICA);;014752W
19;392024N;ILLES BALEARS;45;B410B;SANTANY?;;030845E
20;413540N;BARCELONA;738;0158O;MONTSERRAT;;015021E
21;431021N;GIPUZKOA;180;1038X;AZPEITIA;;021602W
22;412326N;BARCELONA;26;0201D;BARCELONA, PORT OL?MPIC;8180;021200E
23;432348N;CANTABRIA;10;1096X;BARCENA DE CICERO, TRETO;;032811W
24;413514N;BARCELONA;74;0252D;ARENYS DE MAR;8186;023224E
25;432928N;CANTABRIA;51;1111X;SANTANDER;8023;034802W
26;421129N;GIRONA;675;0324A;RIPOLL;8118;021146E
27;425843N;ASTURIAS;1480;1221D;PAJARES-VALGRANDE;8031;054635W
28;415820N;GIRONA;76;0370E;GIRONA;;024910E
29;433409N;ASTURIAS;60;1283U;CABO BUSTO;8010;062812W
30;393659N;ILLES BALEARS;95;B640X;PETRA;;030716E
31;425150N;LUGO;1080;1521X;BECERRE?;;071107W
32;430329N;GIPUZKOA;290;1026X;ORDIZIA;;021103W
33;395117N;BALEARES;91;B893;MENORCA, AEROPUERTO;8314;041256E
34;423350N;LEON;532;1549;PONFERRADA;8053;063600W
35;432543N;CANTABRIA;3;1109X;SANTANDER AEROPUERTO;8021;034953W
36;411933N;VALLADOLID;740;2503X;OLMEDO;8142;044113W
37;431825N;A CORU?A;98;1387E;A CORU?A AEROPUERTO;8002;082219W
38;280315N;STA. CRUZ DE TENERIFE;190;C319W;VALLEHERMOSO, DAMA;;171823W
39;405256N;AVILA;925;2512Y;RIVILLA DE BARAJAS;;050107W
40;422425N;PONTEVEDRA;395;1489A;A LAMA;;082704W
41;281327N;STA. CRUZ DE TENERIFE;1654;C423R;CITFAGRO_90_PICACHO;;163116W
42;423854N;LEON;995;2728B;QUINTANA DEL CASTILLO, VILLAMECA;;060415W
43;423126N;BURGOS;869;2285B;VILLADIEGO;;040004W
44;282748N;SANTA CRUZ DE TENERIFE;36;C449C;STA.CRUZ DE TENERIFE;60020;161519W
45;422759N;LEON;850;2742R;BUSTILLO DEL P?RAMO;;054647W
46;410417N;AVILA;820;2456B;AREVALO;;044348W
47;282207N;STA. CRUZ DE TENERIFE;595;C458U;CITFAGRO_71_PALOB;;163441W
48;414708N;ZAMORA;711;2789H;POZUELO DE TABARA;;055432W
49;430344N;LEON;1510;2630X;PUERTO DE SAN ISIDRO;8057;052237W
50;275125N;LAS PALMAS;806;C625O;SAN BARTOLOME TIRAJANA, LOMO PEDRO ALFONSO;;153842W
51;402428N;GUADALAJARA;920;3085Y;PASTRANA;;025711W
52;423558N;LEON;912;2661B;LE?N AEROPUERTO;8055;053837W
53;291355N;LAS PALMAS;10;C839I;TEGUISE;;133007W
54;410808N;MADRID;1450;3111D;SOMOSIERRA;8145;033450W
55;420457N;ZAMORA;933;2766E;SANABRIA, ROBLEDA-CERVANTES;;063823W
56;274908N;SANTA CRUZ DE TENERIFE;32;C929I;HIERRO AEROPUERTO;60001;175320W
57;395134N;TOLEDO;540;3259;TOLEDO, LORENZANA;;040132W
58;403410N;SALAMANCA;1027;2918Y;EL MA?LLO;;061325W
59;420025N;BARCELONA;700;0114X;PRATS DE LLU?AN?S;;020136E
60;392857N;CACERES;503;3463X;TRUJILLO;8263;055115W
61;405105N;SALAMANCA;748;2926B;BA?OB?REZ;;063632W
62;413444N;BARCELONA;313;0171X;IGUALADA;8172;013704E
63;400715N;CACERES;1260;3516X;PIORNAL;;054957W
64;403149N;CUENCA;928;3044X;CA?IZARES;8230;020900W
65;413018N;BARCELONA;56;0244X;VILASSAR DE DALT;;022145E
66;400340N;CUENCA;875;4051Y;ALC?ZAR DEL REY;;024825W
67;420314N;GIRONA;1;0385X;L'ESTARTIT;;031205E
68;392327N;CIUDAD REAL;640;4064Y;ALCAZAR DE SAN JUAN;;031257W
69;410025N;MADRID;1030;3110C;BUITRAGO DEL LOZOYA;8146;033650W
70;430506N;NAVARRA;520;1033X;ARESO;;015703W
71;391009N;CIUDAD REAL;662;4103X;TOMELLOSO;8276;030027W
72;402919N;MADRID;607;3175;TORREJ?N DE ARDOZ;8227;032637W
73;432237N;BIZKAIA;12;1055B;LEKEITIO;8024;023037W
74;385916N;CIUDAD REAL;627;4121C;CIUDAD REAL, INSTITUTO;;035545W
75;402443N;MADRID;667;3195;MADRID, RETIRO;8222;034041W
76;431753N;BIZKAIA;42;1082;BILBAO AEROPUERTO;8025;025423W
77;384502N;CIUDAD REAL;700;4147X;VALDEPE?AS;8351;032329W
78;401847N;MADRID;890;3330Y;ROZAS DE PUERTO REAL;;042914W
79;432336N;CANTABRIA;38;1159;SAN VICENTE DE LA BARQUERA;8017;042332W
80;391301N;CIUDAD REAL;587;4193Y;EL ROBLEDO;;041658W
81;402803N;AVILA;850;3337U;CEBREROS;;042721W
82;430918N;CANTABRIA;1910;1167G;MIRADOR DEL CABLE, PARQUE NACIONAL PICOS DE EUROPA;;044811W
83;385720N;BADAJOZ;274;4358X;DON BENITO;8333;055250W
84;394012N;CACERES;559;3455X;JARAICEJO;;054830W
85;431560N;ASTURIAS;370;1186P;AMIEVA, PANIZALES;;050709W
86;391151N;CACERES;467;4411C;ALCUESCAR;;061352W
87;384415N;CIUDAD REAL;900;4138Y;VILLANUEVA DE LOS INFANTES;;030016W
88;431725N;ASTURIAS;280;1272B;TINEO, SOUTU;;062312W
89;391055N;BADAJOZ;283;4464X;ALBURQUERQUE;;065943W
90;392702N;CACERES;689;4236Y;PUERTO REY;;050135W
91;432148N;A CORU?A;132;1387D;A CORU?A BENS;8000;082631W
92;375457N;JAEN;799;5038Y;CAZORLA;;030014W
93;424314N;A CORU?A;685;1437O;MONTE IROITE;8043;085524W
94;391658N;CACERES;413;4347X;ZORITA;;054237W
95;362422N;CADIZ;70;5983X;MEDINA SIDONIA;;055513W
96;424203N;PONTEVEDRA;435;1466A;SILLEDA;;081528W
97;371306N;HUELVA;15;4554X;CARTAYA;;070501W
98;360050N;CADIZ;32;6001;TARIFA;8458;053556W
99;423505N;PONTEVEDRA;32;1477V;VILAGARC?A DE AROUSA;;084629W
100;374511N;CORDOBA;120;5470;FUENTE PALMERA;;050602W
101;364459N;MALAGA;766;6032B;RONDA;8443;051006W
102;415638N;PONTEVEDRA;55;1730E;O ROSAL;;085051W
103;361105N;CADIZ;4;5996B;BARBATE;;055434W
104;365708N;GRANADA;1732;6248D;CA?AR, PARQUE NACIONAL SIERRA NEVADA;;032549W
105;412059N;SORIA;1042;2059B;LA RIBA DE ESCALOTE;;024700W
106;363240N;MALAGA;315;6040X;CORTES DE LA FRONTERA;;052311W
107;372326N;ALMERIA;300;6367B;HU?RCAL-OVERA;8428;015637W
108;425214N;PALENCIA;1140;2235U;CERVERA DE PISUERGA;8058;043112W
109;361623N;CADIZ;1;6056X;SAN ROQUE;;051704W
110;374335N;MURCIA;140;7023X;FUENTE ?LAMO DE MURCIA;;011002W
111;405643N;SEGOVIA;1008;2465;SEGOVIA;8213;040735W
112;362242N;MALAGA;140;6057X;MANILVA;;051536W
113;382221N;ALICANTE;81;8025;ALACANT/ALICANTE;8359;002939W
114;404032N;SALAMANCA;865;2847X;PEDROSILLO DE LOS AIRES;;053836W
115;364326N;GRANADA;3;6268Y;MOTRIL, PUERTO;;033145W
116;400043N;CUENCA;819;3094B;TARANC?N;8277;030117W
117;383237N;ALICANTE;36;8036Y;BENIDORM;;000816W
118;370829N;ALMERIA;869;6302A;ABLA;8427;024648W
119;403142N;MADRID;605;3170Y;ALCALA DE HENARES;;031723W
120;385701N;VALENCIA;12;8058Y;MIRAMAR;;000816W
121;370115N;ALMERIA;601;6312E;R?GOL, PARQUE NACIONAL SIERRA NEVADA;;024038W
122;393249N;TOLEDO;917;3298X;SAN PABLO DE LOS MONTES;8270;042102W
123;400402N;CUENCA;949;8096;CUENCA;8231;020755W
124;375728N;MURCIA;75;7228;ALCANTARILLA, BASE A?REA;8429;011343W
125;401531N;CACERES;991;3514B;TORNAVACAS;;054042W
126;393950N;VALENCIA;198;8409X;LL?RIA;;003914W
127;385102N;ALBACETE;710;8198Y;ALMANSA;;010347W
128;394744N;CASTELLON;400;8439X;SEGORBE;;002907W
129;400338N;VALENCIA;705;8381X;ADEMUZ;;011701W
130;393705N;CACERES;425;3565X;BROZAS;;064442W
131;404137N;CASTELLON;1165;8520X;LA POBLA DE BENIFASS?-FREDES;;000955E
132;385353N;CIUDAD REAL;718;4210Y;ABEN?JAR;;041731W
133;395726N;CASTELLON;43;8500A;CASTELL? - ALMASSORA;8286;000419W
134;423334N;BURGOS;730;9031C;BRIVIESCA;;031832W
135;382533N;BADAJOZ;433;4427X;ZAFRA;;062612W
136;403315N;CASTELLON;111;8523X;VINAR?S;8239;002547E
137;424637N;NAVARRA;459;9263D;PAMPLONA, AEROPUERTO;8085;013900W
138;375948N;JAEN;771;5164B;BAEZA;;032743W
139;430212N;CANTABRIA;1650;9001S;ALTO CAMPOO;8061;042228W
140;421155N;NAVARRA;295;9294E;BARDENAS REALES, BASE A?REA;8087;012831W
141;380904N;JAEN;515;5279X;LINARES;;033746W
142;423431N;LA RIOJA;465;9121X;HARO;;025117W
143;420320N;NAVARRA;297;9302Y;TUDELA;;013634W
144;382544N;CIUDAD REAL;710;5341C;FUENCALIENTE;;041806W
145;424735N;HUESCA;2276;9195C;AST?N- LA RACA;8909;003019W
146;412635N;ZARAGOZA;535;9501X;VALMADRID;;005309W
147;371125N;GRANADA;560;5530E;GRANADA AEROPUERTO;8419;034723W
148;404943N;TERUEL;895;9531Y;MONTALB?N;;004734W
149;423051N;HUESCA;722;9211F;BAILO, PUYALTO;;004902W
150;363237N;MALAGA;392;6069X;BENAHAV?S;;050129W
151;405828N;TERUEL;762;9550C;ANDORRA, HORCALLANA;;002428W
152;424904N;NAVARRA;450;9262;PAMPLONA;;013818W
153;363219N;MALAGA;8;6084X;FUENGIROLA;8480;043706W
154;405648N;TERUEL;466;9569A;CALANDA;8166;001416W
155;373917N;MURCIA;312;7209;LORCA;8426;014114W
156;414748N;ZARAGOZA;405;9495Y;LECI?ENA;;003702W
157;420645N;HUESCA;765;9756X;BENABARRE;;002848E
158;380404N;ALICANTE;26;7244X;ORIHUELA;;005853W
159;412545N;ZARAGOZA;205;9510X;QUINTO;;003014W
160;405224N;TERUEL;483;9935X;VALDERROBRES;;000847E
161;385048N;ALICANTE;60;8057C;PEGO;;000706W
162;411019N;TERUEL;305;9546B;HIJAR;;002631W
163;405711N;TARRAGONA;495;9946X;HORTA DE SANT JOAN;;001842E
164;390101N;VALENCIA;340;8072Y;BARX;;001817W
165;410329N;TERUEL;334;9573X;ALCA?IZ;8164;000830W
166;394924N;ILLES BALEARS;490;B013X;ESCORCA, LLUC;8304;025309E
167;401321N;CUENCA;1154;8084Y;PANTANO DE LA TOBA (AUTOMATICA);;015533W
168;421957N;GIRONA;1699;9585;LA MOLINA;8117;015622E
169;394323N;ILLES BALEARS;99;B603X;ART?-COL?NIA DE SANT PERE;;031643E
170;393319N;CUENCA;830;8155Y;MOTILLA DEL PALANCAR;;015455W
171;420916N;LLEIDA;609;9638D;COLL DE NARG?;;011843E
172;394041N;ILLES BALEARS;105;B662X;BINISSALEM;;025226E
173;391230N;VALENCIA;372;8193E;JALANCE;;010540W
174;420401N;LLEIDA;515;9707;LLIMIANA;;005426E
175;290233N;LAS PALMAS;275;C048W;TINAJO;;134051W
176;394252N;CUENCA;815;8245Y;MIRA;;012633W
177;423012N;LLEIDA;1089;9744B;VALL DE BO?;;004756E
178;281231N;LAS PALMAS;1;C239N;TUINEJE,PUERTO GRAN TARAJAL;;140123W
179;401410N;TERUEL;1430;8376;JABALOYAS;;012442W
180;420504N;HUESCA;546;9898;HUESCA, AEROPUERTO;8094;001932W
181;281301N;STA. CRUZ DE TENERIFE;930;C426R;CITFAGRO_09_HELECHO;;162926W
182;392846N;VALENCIA;6;8416X;VALENCIA, UPV;;002014W
183;411458N;TARRAGONA;363;9961X;CABAC?S;;004407E
184;275512N;LAS PALMAS;960;C635B;SAN BARTOLOME TIRAJANA, LAS TIRAJANAS;;153427W
185;392850N;VALENCIA;11;8416Y;VAL?NCIA, VIVEROS;8285;002159W
186;393832N;ILLES BALEARS;95;B236C;PALMA, UNIVERSITAT;;023838E
187;280441N;LAS PALMAS;269;C658X;LAS PALMAS DE GRAN CANARIA, TAFIRA;;152712W
188;425931N;CANTABRIA;870;9001D;REINOSA;8032;040938W
189;393339N;BALEARES;5;B278;PALMA DE MALLORCA, AEROPUERTO;8306;024412E
190;280356N;LAS PALMAS;900;C665T;VALLESECO;;153356W
191;423614N;ARABA/ALAVA;612;9122I;LABASTIDA;;024636W
192;394454N;BALEARES;40;B691;LA PUEBLA (SA CANOVA);;030055E
193;273955N;STA. CRUZ DE TENERIFE;98;C919K;TACORON-LAPILLAS-TORTUGA;;180107W
194;422450N;LA RIOJA;500;9141V;N?JERA;;024336W
195;280154N;STA. CRUZ DE TENERIFE;219;C329B;LA GOMERA, AEROPUERTO;60007;171239W
196;415159N;BARCELONA;361;0106X;BALSARENY;;015221E
197;422708N;LA RIOJA;353;9170;LOGRO?O, AEROPUERTO;8084;021952W
198;281019N;STA. CRUZ DE TENERIFE;1833;C422A;CITFAGRO_94_LOSTOPOS;;163905W
199;414828N;GIRONA;14;0284X;CASTELL D'ARO;;030151E
200;420716N;ZARAGOZA;321;9321X;EJEA DE LOS CABALLEROS;;010823W
201;281611N;STA. CRUZ DE TENERIFE;500;C437E;CITFAGRO_81_MENA;;162511W
202;415442N;GIRONA;143;367;GIRONA AEROPUERTO;8184;024548E
203;403400N;TERUEL;1000;9374X;SANTA EULALIA DEL CAMPO;;011915W
204;282714N;STA. CRUZ DE TENERIFE;922;C456E;CITFAGRO_10_RAVELO;;162431W
205;431935N;GIPUZKOA;120;1012P;IRUN;;014748W
206;410652N;ZARAGOZA;774;9390;DAROCA;8157;012436W
207;282947N;STA. CRUZ DE TENERIFE;310;C458A;TACORONTE;;162512W
208;412449N;LLEIDA;392;9775X;EL SOLER?S;;004042E
209;432754N;CANTABRIA;64;1110;SANTANDER, CIUDAD;;034908W
210;275836N;LAS PALMAS;1702;C611E;VEGA DE SAN MATEO;;153502W
211;432513N;ASTURIAS;10;1183X;LLANES;8016;044453W
212;394300N;ILLES BALEARS;57;B569X;CAPDEPERA;8311;032841E
213;280604N;LAS PALMAS;5;C619X;AGAETE;;154246W
214;424607N;LUGO;1020;1297E;CERVANTES;;070103W
215;395434N;ILLES BALEARS;2;B780X;PORT DE POLLEN?A;;030601E
216;410726N;TARRAGONA;55;0042Y;TARRAGONA;;011457E
217;432456N;ASTURIAS;340;1341B;TARAMUNDI, OURIA;;070340W
218;283545N;STA. CRUZ DE TENERIFE;62;C129Z;TAZACORTE;60004;175455W
219;413646N;BARCELONA;175;0222X;CALDES DE MONTBUI;;021006E
220;430216N;A CORU?A;500;1410X;SOBRADO;;080120W
221;280949N;STA. CRUZ DE TENERIFE;252;C328W;HERMIGUA;;171139W
222;432125N;GIPUZKOA;4;1014A;DONOSTIA / SAN SEBASTI?N AEROPUERTO;8029;014732W
223;425939N;ASTURIAS;1530;1542;PUERTO DE LEITARIEGOS;8052;062451W
224;282505N;STA. CRUZ DE TENERIFE;25;C459Z;PUERTO DE LA CRUZ;60012;163254W
225;430301N;ARABA/ALAVA;240;1060X;AMURRIO;;030020W
226;424558N;LEON;770;1561I;VEGA DE ESPINAREDA;;064025W
227;274845N;LAS PALMAS;41;C639U;SAN BARTOLOME TIRAJANA, EL MATORRAL;;152711W
228;431212N;BIZKAIA;208;1078I;G?E?ES;8035;030617W
229;421056N;PONTEVEDRA;90;1723X;PONTEAREAS, CANEDO;;082934W
230;280540N;LAS PALMAS;352;C668V;AGAETE - SUERTE ALTA;;154030W
231;432341N;CANTABRIA;45;1083L;CASTRO URDIALES;8020;031402W
232;421504N;BURGOS;771;2290Y;PEDROSA DEL PR?NCIPE;;041156W
233;274839N;STA. CRUZ DE TENERIFE;670;C928I;VALVERDE;;175510W
234;431619N;CANTABRIA;105;1152C;SAN FELICES DE BUELNA;;040255W
235;420619N;BURGOS;884;2311Y;VILLAMAYOR DE LOS MONTES;;034604W
236;411734N;BARCELONA;4;76;BARCELONA AEROPUERTO;8181;020412E
237;433230N;ASTURIAS;22;1208A;GIJ?N. LA MERCED;;053943W
238;415534N;BARCELONA;578;349;SANT JULI? DE VILATORTA;8119;021903E
239;404944N;AVILA;920;2453E;GOTARRENDURA;;044431W
240;430600N;ASTURIAS;670;1276F;POLA DE SOMIEDO;;061525W
241;420310N;GIRONA;337;0360X;LES PLANES D'HOSTOLES;;023304E
242;425308N;LEON;1120;2701D;BARRIOS DE LUNA, MI?ERA;;055215W
243;433129N;ASTURIAS;40;1331A;CASTROPOL;8009;070153W
244;402119N;AVILA;1012;2828Y;BARCO DE AVILA;;053109W
245;421329N;GIRONA;2;0411X;CASTELL? D'EMP?RIES;;030535E
246;421350N;PONTEVEDRA;120;1496X;VIGO;;084327W
247;411420N;ZAMORA;1003;2882D;PE?AUSENDE;8135;055351W
248;421533N;GIRONA;45;0429X;FIGUERES;;025737E
249;402706N;MADRID;664;3194U;MADRID, CIUDAD UNIVERSITARIA;8220;034327W
250;422805N;OURENSE;610;1696O;BEARIZ;;081641W
251;430809N;NAVARRA;183;1002Y;BAZTAN, IRURITA;8030;013235W
252;404223N;MADRID;1532;3266A;PUERTO ALTO DEL LE?N;8217;040831W
253;411131N;SEGOVIA;1798;2150H;LA PINILLA, ESTACI?N DE ESQU?;8143;032831W
254;431058N;CANTABRIA;250;1174I;CILL?RIGO DE LI?BANA, TAMA;;043606W
255;402023N;AVILA;1285;3319D;PUERTO DEL PICO;;050046W
256;430543N;ASTURIAS;750;1226X;ALLER, FELECHOSA;;052837W
257;400914N;CACERES;464;3423I;MADRIGAL DE LA VERA;;052224W
258;414632N;SORIA;1039;2296A;?LVEGA;;015836W
259;431630N;ASTURIAS;170;1234P;MIERES, BAI?A;;054909W
260;401554N;CACERES;724;3504X;HERV?S;;055140W
261;415944N;PALENCIA;874;2400E;AUTILLA DEL PINO;8072;043610W
262;433226N;LUGO;43;1342X;RIBADEO;;070459W
263;391543N;ALBACETE;718;4091Y;VILLARROBLEDO;;023533W
264;411648N;VALLADOLID;786;2503B;OLMEDO, DEP?SITO DE AGUA;;044131W
265;425234N;A CORU?A;240;1475X;SANTIAGO DE COMPOSTELA;8041;083321W
266;382822N;BADAJOZ;377;4492F;BARCARROTA;;065524W
267;423456N;PONTEVEDRA;36;1477U;VILAGARCIA DE AROUSA;;084611W
268;415233N;VALLADOLID;731;2604B;MEDINA DE RIOSECO;;050225W
269;382220N;BADAJOZ;247;4497X;VILLANUEVA DEL FRESNO;;070929W
270;422346N;PONTEVEDRA;3;1486E;ESCUELA NAVAL DE MAR?N;8043;084225W
271;425730N;LEON;1090;2624C;RIA?O;;050027W
272;371141N;HUELVA;3;4549Y;AYAMONTE;8381;072342W
273;421537N;OURENSE;990;1639X;CHANDREXA DE QUEIXA;;072301W
274;402232N;MADRID;690;3196;MADRID, CUATRO VIENTOS;8223;034710W
275;375141N;GRANADA;1100;5051X;HU?SCAR;8423;023910W
276;422517N;OURENSE;400;1700X;O CARBALLI?O;8047;080533W
277;402948N;MADRID;884;3343Y;VALDEMORILLO;;040340W
278;371128N;GRANADA;1534;5103F;CAMARATE, PARQUE NACIONAL SIERRA NEVADA;;031514W
279;420847N;BURGOS;1197;2302N;MONTERRUBIO DE LA DEMANDA;;030635W
280;402429N;CACERES;470;3494U;NU?OMORAL;;061423W
281;382921N;JAEN;862;5192;VILLARRODRIGO;8354;023815W
282;420018N;PALENCIA;750;2401;PALENCIA, OBSERVATORIO;;043145W
283;390501N;CIUDAD REAL;531;4220X;PUEBLA DE DON RODRIGO;8271;043719W
284;380535N;JAEN;345;5281X;BAIL?N;;034657W
285;411546N;SALAMANCA;690;2891A;VILLARINO DE LOS AIRES;;062744W
286;374639N;JAEN;580;5270B;JA?N;8417;034833W
287;381959N;CORDOBA;750;5390Y;VILLANUEVA DE C?RDOBA;8346;043632W
288;404710N;SALAMANCA;785;2914C;BOADILLA FUENTE SAN ESTEBAN;;061210W
289;373322N;CORDOBA;650;5427X;DO?A MENC?A;8412;042114W
290;380640N;CORDOBA;465;5459X;ESPIEL;;045543W
291;403341N;MADRID;740;3126Y;MADRID, EL GOLOSO;;034243W
292;371140N;SEVILLA;410;5612B;LA RODA DE ANDALUC?A;8399;044612W
293;372855N;CORDOBA;309;5624X;AGUILAR DE LA FRONTERA;;044109W
294;410511N;GUADALAJARA;1005;3130C;SIG?ENZA;8150;023705W
295;371613N;SEVILLA;450;5612X;LORA DE ESTEPA;;044937W
296;404146N;MADRID;1004;3191E;COLMENAR VIEJO;8219;034554W
297;364500N;CADIZ;10;5906X;CHIPIONA;;062402W
298;373819N;CORDOBA;200;5625X;LA RAMBLA;;044550W
299;394146N;TOLEDO;635;3245Y;TEMBLEQUE;;033021W
300;364521N;MALAGA;35;6201X;ALGARROBO;;040238W
301;401122N;CACERES;393;3503;GUIJO DE GRANADILLA;;061003W
302;375825N;HUELVA;618;5769X;CALA;;061920W
303;401518N;CACERES;459;3531X;TORRECILLA DE LOS ANGELES;;062442W
304;372500N;SEVILLA;34;5783;SEVILLA AEROPUERTO;8391;055245W
305;370636N;ALMERIA;970;6335O;NACIMIENTO, PARQUE NACIONAL SIERRA NEVADA;;024157W
306;393101N;CUENCA;858;4089A;ALBERCA DE ZANCARA;;022945W
307;364538N;CADIZ;913;5911A;GRAZALEMA;8455;052227W
308;373604N;MURCIA;17;7012C;CARTAGENA;8434;005916W
309;393319N;CUENCA;745;4095Y;BELMONTE;;024220W
310;361444N;CADIZ;186;5995B;VEJER DE LA FRONTERA;8457;055754W
311;390020N;ALBACETE;674;8178D;ALBACETE;8279;015144W
312;392719N;CACERES;660;4245X;GUADALUPE;;051960W
313;370019N;GRANADA;1020;6281X;V?LOR;;030417W
314;424822N;CANTABRIA;720;9019B;VALDERREDIBLE, POLIENTES;8033;035602W
315;390612N;BADAJOZ;313;4340;NAVALVILLAR DE PELA;;052741W
316;364113N;ALMERIA;3;6293X;ROQUETAS DE MAR;8492;024206W
317;403718N;CASTELLON;990;9562X;MORELLA;;000607W
318;385310N;BADAJOZ;174;4478X;BADAJOZ;8329;070034W
319;370311N;ALMERIA;1713;6307C;LA?JAR, PARQUE NACIONAL SIERRA NEVADA;;025350W
320;402955N;CASTELLON;1220;9563X;CASTELLFORT;8237;001112W
321;384151N;BADAJOZ;275;4486X;OLIVENZA;;070504W
322;380518N;ALBACETE;1485;7067Y;NERPIO;;022447W
323;422144N;LLEIDA;1038;9590;MARTINET;;014136E
324;371642N;HUELVA;18;4642E;HUELVA, RONDA ESTE;8383;065442W
325;423736N;HUESCA;1020;9814A;TORLA;8101;000642W
326;370930N;GRANADA;2152;5103E;CAMARATE 2, PARQUE NACIONAL SIERRA NEVADA;;031525W
327;414757N;HUESCA;300;9894Y;SARI?ENA;;000939W
328;381030N;JAEN;680;5210X;VILLANUEVA DEL ARZOBISPO;;025953W
329;413129N;HUESCA;170;9924X;FRAGA;;002120E
330;374635N;JAEN;510;5270;JA?N, INSTITUTO;;034720W
331;424634N;LLEIDA;722;9994X;BOSS?ST;;004123E
332;371413N;GRANADA;1258;5515D;V?ZNAR;8421;033302W
333;394744N;ILLES BALEARS;5;B051A;S?LLER, PUERTO;8316;024129E
334;373058N;SEVILLA;130;5641X;?CIJA;8395;050506W
335;372151N;SEVILLA;9;5790Y;SEVILLA, TABLADA;;060021W
336;364335N;MALAGA;3;6205X;TORROX;8484;035726W
337;394457N;BALEARES;32;B691Y;SA POBLA;8312;030100E
338;394406N;ILLES BALEARS;1030;B248;SIERRA DE ALFABIA, BUNYOLA;8303;024247E
339;384137N;ILLES BALEARS;24;B986;FORMENTERA;;012749E
340;390322N;ILLES BALEARS;110;B908X;SANT JOAN DE LABRITJA;;012933E
341;281830N;SANTA CRUZ DE TENERIFE;2369;C430E;IZA?A;60010;162959W
342;284538N;STA. CRUZ DE TENERIFE;684;C117A;PUNTAGORDA;;175908W
343;392421N;ILLES BALEARS;40;B362X;CAMPOS, CAN SION;;030351E
344;275432N;LAS PALMAS;318;C628B;LA ALDEA DE SAN NICOL?S, TASARTE;;154612W
345;282214N;STA. CRUZ DE TENERIFE;525;C436L;CITFAGRO_96_ARAYA;;162351W
346;275504N;LAS PALMAS;24;C649I;GRAN CANARIA AEROPUERTO;60030;152343W
347;280025N;LAS PALMAS;1514;C612F;TEJEDA, CRUZ DE TEJEDA;;153556W
348;275912N;LAS PALMAS;9;C649R;TELDE, MELENARA;;152240W
349;280430N;LAS PALMAS;269;C658L;LAS PALMAS DE G.C. (TAFIRA CMT);;152703W
350;392452N;ILLES BALEARS;17;B434X;PORTOCOLOM;8309;031618E
351;415848N;GIRONA;95;0370B;GIRONA, ANTIC INSTITUT;;024931E
352;280523N;LAS PALMAS;55;C659H;LAS PALMAS DE GRAN CANARIA, SAN CRISTOBAL;60029;152458W
353;394119N;ILLES BALEARS;110;B526X;ART?;;032104E
354;422324N;GIRONA;100;0421X;ESPOLLA;;030022E
355;415049N;BARCELONA;607;0341X;TONA;;021321E
356;393836N;ILLES BALEARS;120;B644B;SINEU;;030008E
357;420616N;GIRONA;157;0372C;PORQUERES;8120;024549E
358;393909N;ILLES BALEARS;121;B656A;SANTA MAR?A DEL CAM?;;024801E
359;431233N;GIPUZKOA;119;1050J;ELGOIBAR;8036;022448W
360;421238N;GIRONA;350;0394X;LA VALL DE BIANYA;;022819E
361;280257N;LAS PALMAS;15;C229J;P?JARA;;142129W
362;431050N;BIZKAIA;210;1078C;BALMASEDA;;031235W
363;422313N;GIRONA;355;0413A;MA?ANET DE CABRENYS;;024520E
364;281201N;STA. CRUZ DE TENERIFE;700;C418L;CITFAGRO_76_POZO;;164547W
365;432131N;CANTABRIA;110;1154H;TORRELAVEGA, SIERRAPANDO;;040139W
366;422324N;GIRONA;100;0421E;ESPOLLA 'LES ALBERES';;030022E
367;282745N;STA. CRUZ DE TENERIFE;136;C448C;CITFAGRO_92_SANTACRUZ;;161624W
368;422618N;PONTEVEDRA;113;1484C;PONTEVEDRA;8044;083657W
369;431643N;NAVARRA;54;1010X;BERA;;014033W
370;282125N;STA. CRUZ DE TENERIFE;450;C468O;CITFAGRO_62_TRIGO;;164805W
371;413602N;SORIA;1100;2044B;LUBIA;;023027W
372;431840N;ASTURIAS;458;1179B;CABRALES;;045110W
373;280004N;LAS PALMAS;13;C619Y;LA ALDEA DE SAN NICOL?S;60027;154827W
374;412225N;SORIA;1150;2096B;LICERAS;;031505W
375;432240N;ASTURIAS;280;1199X;PILO?A, BARGA?U;;052348W
376;274409N;LAS PALMAS;6;C689E;MASPALOMAS;60037;153545W
377;433123N;ASTURIAS;26;1207U;GIJ?N, CAMPUS;8065;053716W
378;413643N;VALLADOLID;725;2172Y;SARD?N DE DUERO;;042420W
379;274608N;STA. CRUZ DE TENERIFE;1070;C925F;SAN ANDR?S, VALVERDE;;175737W
380;424801N;A CORU?A;128;1435C;NOIA;;085234W
381;423408N;PALENCIA;908;2276B;VILLAELES DE VALDAVIA;;043430W
382;410915N;TARRAGONA;118;0016B;REUS (CENTRE LECTURA);;010632E
383;424835N;LUGO;680;1446X;MONTERROSO;;074606W
384;403236N;AVILA;1178;2430Y;MU?OTELLO;;050239W
385;412501N;BARCELONA;632;0061X;PONTONS;;013109E
386;424240N;PONTEVEDRA;645;1455I;RODEIRO-VILAMAIOR;;075714W
387;401758N;MADRID;620;3200;GETAFE;8224;034320W
388;423956N;PONTEVEDRA;463;1465U;LALIN-CRISTIMIL;;081133W
389;414312N;BARCELONA;291;0149D;MANRESA (LA CULLA);;015025E
390;401450N;MADRID;594;3229Y;TIELMES;;031842W
391;425544N;LEON;958;1541B;VILLABLINO;;062002W
392;421901N;GIRONA;1151;0320I;PLANOLES;;020610E
393;394113N;TOLEDO;717;3254Y;MORA;;034650W
394;422022N;OURENSE;840;1631E;A POBRA DE TRIVES;8051;071657W
395;430130N;GIPUZKOA;308;1048X;ARETXABALETA;;022757W
396;395731N;TOLEDO;372;3365A;TALAVERA DE LA REINA;8274;045149W
397;423154N;LUGO;291;1679A;MONFORTE DE LEMOS;;073039W
398;431339N;CANTABRIA;849;1103X;SAN ROQUE DE RIOMIERA;;034316W
399;385757N;ALBACETE;905;4007Y;OSSA DE MONTIEL;;024442W
400;410802N;SEGOVIA;1107;2182C;PEDRAZA;;034725W
401;430521N;CANTABRIA;1722;1167J;CORISCAO, PARQUE NACIONAL PICOS DE EUROPA;;044626W
402;382954N;CORDOBA;551;4267X;HINOJOSA DEL DUQUE;8335;050717W
403;424753N;PALENCIA;910;2243A;AGUILAR DE CAMPOO;;041638W
404;432112N;ASTURIAS;334;1249X;OVIEDO;8015;055226W
405;384431N;BADAJOZ;459;4325Y;CASTUERA;;053145W
406;411022N;VALLADOLID;755;2517A;FUENTE EL SOL;;045623W
407;432157N;A CORU?A;57;1387;A CORU?A;8001;082517W
408;372950N;SEVILLA;165;5656;FUENTES DE ANDALUC?A;;052559W
409;413056N;ZAMORA;656;2614;ZAMORA;8130;054407W
410;431213N;A CORU?A;98;1390X;CARBALLO, DEPURADORA;;084240W
411;372136N;SEVILLA;76;5835X;CARRI?N DE LOS C?SPEDES;;062003W
412;421745N;LEON;788;2664B;VALENCIA DE DON JUAN;;053017W
413;413535N;VALLADOLID;756;2166Y;PE?AFIEL;;040729W
414;351635N;MELILLA;52;6000A;MELILLA;60338;025723W
415;405030N;GUADALAJARA;1062;3013;MOLINA DE ARAG?N;8232;015244W
416;415735N;BURGOS;1080;2298;PALACIOS DE LA SIERRA;8149;030754W
417;364450N;ALMERIA;8;6277B;ADRA;8486;030114W
418;410013N;GUADALAJARA;910;3103;PANTANO EL VADO;;031807W
419;402118N;SALAMANCA;1960;2491C;LA COVATILLA, ESTACI?N DE ESQU?;8205;054124W
420;372502N;MURCIA;32;7002Y;?GUILAS;8432;013513W
421;403260N;MADRID;672;3125Y;SAN SEBASTI?N DE LOS REYES;;033700W
422;423518N;LEON;916;2661;LE?N, VIRGEN DEL CAMINO;8055;053904W
423;375534N;MURCIA;985;7195X;CARAVACA DE LA CRUZ, LOS ROYOS;;020330W
424;393530N;CACERES;923;3386A;NAVALVILLAR DE IBOR;;052330W
425;420039N;ZAMORA;715;2755X;BENAVENTE;8056;054000W
426;373405N;MURCIA;445;7211B;PUERTO LUMBRERAS;;014750W
427;400821N;AVILA;350;3422D;CANDELEDA;;051841W
428;405727N;SALAMANCA;775;2870;SALAMANCA;8201;053944W
429;384239N;ALICANTE;530;8059C;ALCOI/ALCOY;;002736W
430;393922N;CUENCA;763;4093Y;OSA DE LA VEGA;;024536W
431;404530N;GUADALAJARA;1250;3021Y;ZAOREJAS;;021159W
432;393432N;VALENCIA;758;8309X;UTIEL;8281;011441W
433;382434N;CORDOBA;575;4263X;VALSEQUILLO;;052102W
434;400402N;MADRID;540;3100B;ARANJUEZ;8229;033246W
435;402145N;TERUEL;1515;8486X;MOSQUERUELA;;002716W
436;391851N;CACERES;590;4339X;CA?AMERO;;052208W
437;405906N;GUADALAJARA;990;3140Y;MANDAYONA;;024536W
438;395921N;CASTELLON;23;8501;CASTELL? DE LA PLANA;;000156W
439;371524N;HUELVA;17;4605;HUELVA;;065659W
440;395305N;TOLEDO;513;3260B;TOLEDO;8272;040243W
441;425512N;BURGOS;580;9051;MEDINA DE POMAR;8063;032858W
442;355344N;CEUTA;200;5000A;CEUTA, MONTE HACHO;;051732W
443;392817N;CACERES;394;3469A;C?CERES;8261;062020W
444;421351N;LA RIOJA;1006;9136X;ANGUIANO, VALVANERA;;025216W
445;373021N;GRANADA;785;5047E;BAZA;8424;024406W
446;395217N;CACERES;336;3540X;ZARZA LA MAYOR;;065136W
447;423451N;LLEIDA;1907;9660;SANT MAURICI (LLAC);;010027E
448;372951N;JAEN;908;5406X;ALCAL? LA REAL;;035429W
449;391915N;CIUDAD REAL;651;4195E;ALCORNOQUERA, PARQUE NACIONAL CABA?EROS;;042342W
450;422436N;LLEIDA;2410;9677;PORT AIN?;8938;011253E
451;370810N;GRANADA;695;5514Z;GRANADA BASE A?REA;8420;033800W
452;382847N;BADAJOZ;542;4260;PERALEDA DEL ZAUCEJO;;053439W
453;392944N;ILLES BALEARS;140;B334X;LLUCMAJOR;;025330E
454;370347N;GRANADA;2856;5516D;SIERRA NEVADA 'RADIOTELESCOPIO';8980;032313W
455;383435N;BADAJOZ;474;4362X;RETAMAL DE LLERENA;;055045W
456;394748N;ILLES BALEARS;2;B605X;MURO, S'ALBUFERA;;030617E
457;375849N;HUELVA;267;4527X;AROCHE;;065833W
458;380115N;CORDOBA;525;5394X;C?RDOBA, EMBALSE DE GUADANU?O;;044748W
459;281327N;STA. CRUZ DE TENERIFE;2150;C406G;LA OROTAVA, CA?ADAS TEIDE;;163734W
460;370814N;GRANADA;687;5514;GRANADA BASE A?REA;8420;033753W
461;362501N;MALAGA;19;6058I;ESTEPONA;8463;050918W
462;281311N;STA. CRUZ DE TENERIFE;2071;C412N;CITFAGRO_89_CHAVAO;;164219W
463;394121N;ILLES BALEARS;60;B087X;BANYALBUFAR;;023046E
464;362860N;MALAGA;2;6083X;MARBELLA;;044425W
465;282604N;STA. CRUZ DE TENERIFE;567;C457I;LA VICTORIA DE ACENTEJO;;162716W
466;364260N;MALAGA;25;6172X;M?LAGA;;042511W
467;282223N;STA. CRUZ DE TENERIFE;667;C468X;SAN JUAN DE LA RAMBLA;;163733W
468;371044N;ALMERIA;7;6340X;GARRUCHA, PUERTO;;014860W
469;280431N;LAS PALMAS;683;C656V;TEROR;;153250W
470;392104N;ILLES BALEARS;3;B373X;CAMPOS, SALINES LLEVANT;;030043E
471;375041N;MURCIA;646;7203A;LORCA, ZARCILLA DE RAMOS;;015211W
472;410842N;TARRAGONA;71;0016A;REUS AEROPUERTO;8175;010949E
473;390808N;ILLES BALEARS;165;B398A;CABRERA, PARQUE NACIONAL DE CABRERA;;025612E
474;380820N;MURCIA;170;7237E;MOLINA DE SEGURA;;010931W
475;411949N;BARCELONA;177;0066X;VILAFRANCA DEL PENED?S;;014037E
476;394734N;ILLES BALEARS;842;B684A;ESCORCA, SON TORRELLA;;024716E
477;390458N;VALENCIA;855;8203O;ZARRA;8283;010603W
478;421909N;GIRONA;75;0433D;CABO DE CREUS;8121;031856E
479;395934N;ILLES BALEARS;20;B860X;CIUTADELLA;;035114E
480;400611N;CUENCA;1160;8210Y;SALVACA?ETE;;013013W
481;430557N;BIZKAIA;747;1069Y;ABADI?O, URKIOLA;;023839W
482;385747N;ILLES BALEARS;32;B925;SANT ANTONI DE PORTMANY;;011917E
483;384946N;VALENCIA;350;8283X;ONTINYENT;;003628W
484;430849N;CANTABRIA;460;1135C;LOS TOJOS, B?RCENA MAYOR;;041251W
485;283914N;STA. CRUZ DE TENERIFE;844;C126A;EL PASO;;175111W
486;391105N;VALENCIA;12;8325X;POLINY? DE X?QUER;8287;002219W
487;432112N;ASTURIAS;336;1249I;OVIEDO;8015;055227W
488;282718N;STA. CRUZ DE TENERIFE;19;C129V;FUENCALIENTE;;175028W
489;394203N;VALENCIA;24;8446Y;SAGUNT/SAGUNTO;;001532W
490;432756N;ASTURIAS;410;1327A;VILLAY?N, ONETA;;064024W
491;280523N;STA. CRUZ DE TENERIFE;15;C329Z;SAN SEBASTI?N DE LA GOMERA;60008;170641W
492;422516N;BURGOS;820;9111;BELORADO;8077;031013W
493;425607N;A CORU?A;340;1406X;MAZARICOS;;085937W
494;281252N;STA. CRUZ DE TENERIFE;476;C418I;CITFAGRO_05_GUIAISO1;;164723W
495;423447N;HUESCA;832;9201X;JACA;8091;003242W
496;430640N;LUGO;442;1505;LUGO AEROPUERTO;8008;072727W
497;282133N;STA. CRUZ DE TENERIFE;463;C438N;CANDELARIA;;162406W
498;424426N;HUESCA;860;9207;VALLE DE HECHO, HECHO;;004502W
499;422456N;OURENSE;315;1583X;O BARCO DE VALDEORRAS;;065935W
500;282021N;STA. CRUZ DE TENERIFE;878;C466O;CITFAGRO_91_CUBO;;164740W
501;425346N;NAVARRA;635;9228J;OROZ-BETELU/OROTZ-BETELU;;011801W
502;421305N;PONTEVEDRA;560;1719;A CA?IZA;;081652W
503;415804N;GIRONA;51;0294B;LA BISBAL (D'EMPORDA 3);;030232E
504;430028N;NAVARRA;947;9228T;RONCESVALLES/ORREAGA;;011932W
505;413522N;SORIA;932;2092;BURGO DE OSMA;;030513W
506;415048N;BARCELONA;611;341;TONA (ESCOLA);;021336E
507;421225N;NAVARRA;268;9283X;CADREITA;8153;014241W
508;412752N;SEGOVIA;1135;2140A;ALDEANUEVA DE SERREZUELA;;034709W
509;432033N;BIZKAIA;45;1056K;FORUA;;024016W
510;411259N;SORIA;863;9344C;ARCOS DE JAL?N;;021735W
511;412301N;SEGOVIA;795;2192C;CU?LLAR;;041556W
512;432714N;BIZKAIA;93;1057B;MATXITXAKO;;024510W
513;405534N;TERUEL;884;9381I;CALAMOCHA;8233;011736W
514;422103N;PALENCIA;830;2374X;CARRI?N DE LOS CONDES;8068;043702W
515;431647N;BIZKAIA;177;1083B;SOPUERTA;;031007W
516;413716N;ZARAGOZA;258;9434P;ZARAGOZA, VALDESPARTERA;8159;005605W
517;404307N;SEGOVIA;1237;2471Y;SAN RAFAEL;;041243W
518;424216N;HUESCA;1850;9451F;PANTICOSA, PETROSOS;8915;001631W
519;423125N;PALENCIA;985;2568D;SANTERV?S DE LA VEGA, VILLAP?N;;045104W
520;413119N;ZARAGOZA;357;9576C;BUJARALOZ;8165;001027W
521;415123N;ZAMORA;690;2611D;VILLAF?FILA;;053533W
522;414821N;LLEIDA;435;9647X;TOR?;;012344E
523;422518N;HUESCA;610;9808X;A?NSA-SOBRARBE, LA SERRETA;;000817E
524;415629N;ZAMORA;850;2775X;VILLARDECIERVOS;8125;061647W
525;423922N;HUESCA;1905;9814I;TORLA-ORDESA, EL CEBOLLAR;8919;000728W
526;410041N;SALAMANCA;769;2916A;VITIGUDINO;8129;062616W
527;413710N;HUESCA;178;9911X;BALLOBAR;;001116E
528;420138N;OURENSE;910;2969U;A GUDI?A;;071059W
529;393446N;ILLES BALEARS;52;B103B;ANDRATX - SANT ELM;;022208E
530;400630N;TOLEDO;560;3362Y;CASTILLO DE BAYUELA;;044050W
531;393315N;ILLES BALEARS;3;B228;PALMA, PUERTO;8301;023731E
532;401719N;AVILA;630;3391;SOTILLO DE LA ADRADA;8208;043527W
533;430758N;ASTURIAS;370;1223P;LENA, RONZ?N;;054922W
534;395936N;TOLEDO;345;3427Y;OROPESA;;050652W
535;393621N;BALEARES;47;B275E;SON BONET, AEROPUERTO;8302;024224E
536;432530N;ASTURIAS;240;1279X;SALAS, CAMU?O;;061351W
537;395645N;CACERES;269;3434X;NAVALMORAL DE LA MATA;8254;053457W
538;392247N;ILLES BALEARS;113;B301;LLUCMAJOR, CAP BLANC;8308;024706E
539;433904N;LUGO;80;1347T;BURELA;;072126W
540;400108N;CUENCA;1020;4070Y;ABIA DE OBISPALIA;;022343W
541;395641N;ILLES BALEARS;43;B870C;CIUTADELLA, CALA GALDANA;;035724E
542;434710N;A CORU?A;90;1351;ESTACA DE BARES;8004;074106W
543;375139N;ALMERIA;1190;5060X;V?LEZ BLANCO - TOPARES;;021341W
544;284029N;STA. CRUZ DE TENERIFE;733;C117Z;TIJARAFE;;175612W
545;432645N;A CORU?A;343;1363X;AS PONTES;;075141W
546;373356N;SEVILLA;50;5702X;CARMONA;;054426W
547;280453N;STA. CRUZ DE TENERIFE;130;C419X;ADEJE;;164238W
548;430327N;A CORU?A;287;1399;VIMIANZO;;090249W
549;365712N;SEVILLA;105;5891X;LAS CABEZAS DE SAN JUAN;;055048W
550;281051N;STA. CRUZ DE TENERIFE;418;C428T;ARICO;;162860W
551;423838N;A CORU?A;10;1442U;BOIRO;;085332W
552;364346N;CADIZ;295;5941X;EL BOSQUE;;053044W
553;280752N;STA. CRUZ DE TENERIFE;135;C428U;CITFAGRO_01_ARICO;;162821W
554;424459N;A CORU?A;210;1476R;ROIS, CASAS DO PORTO;;084253W
555;362959N;CADIZ;2;5973;C?DIZ;8452;061528W
556;281906N;SANTA CRUZ DE TENERIFE;115;C439J;G??MAR;60018;162256W
557;425043N;LUGO;403;1521I;O P?RAMO;;072958W
558;362904N;MALAGA;2;6076X;MARBELLA, PUERTO;;045711W
559;283135N;STA. CRUZ DE TENERIFE;868;C446G;SAN CRIST?BAL DE LA LAGUNA,LLANO DE LOS LOROS;;161649W
560;421931N;OURENSE;146;1690A;OURENSE;8048;075135W
561;370126N;MALAGA;515;6100B;ANTEQUERA AYUNTAMIENTO (AUTOM?TICA THIES);;043345W
562;282658N;STA. CRUZ DE TENERIFE;650;C457E;CITFAGRO_67_MATANZA;;162617W
563;415603N;OURENSE;730;1738U;MUI?OS;;075920W
564;370160N;ALMERIA;1510;6307X;L?UJAR DE ANDARAX;;025445W
565;275915N;LAS PALMAS;344;C648N;TELDE, CENTRO FORESTAL DORAMAS;;152728W
566;420034N;PALENCIA;736;2401X;PALENCIA;;043338W
567;370756N;MALAGA;420;6375X;FUENTE DE PIEDRA;;044431W
568;414536N;BARCELONA;936;0260X;FOGARS DE MONTCL?S;;022552E
569;413827N;VALLADOLID;734;2422;VALLADOLID;8141;044515W
570;373616N;MURCIA;56;7012D;CARTAGENA;8434;010124W
571;430056N;GIPUZKOA;255;1025A;SEGURA;;021524W
572;403933N;AVILA;1130;2444;?VILA;8210;044047W
573;430448N;GIPUZKOA;420;1037Y;ZUMARRAGA;8037;021903W
574;381403N;MURCIA;350;7121A;CALASPARRA;;014208W
575;411412N;ZAMORA;811;2555B;FUENTESAUCO;;052853W
576;432932N;ASTURIAS;30;1203D;COLUNGA;;051450W
577;415536N;OURENSE;380;2978X;VER?N;;072519W
578;381140N;MURCIA;174;7250C;ABANILLA;;010202W
579;433335N;ASTURIAS;5;1208H;GIJ?N, PUERTO;8014;054203W
580;393750N;TOLEDO;750;3305Y;NAVAHERMOSA;;042837W
581;380517N;ALICANTE;31;7261X;ROJALES;8367;004255W
582;415945N;SORIA;1260;2017Y;LA P?VEDA DE SORIA, BARRIOMART?N;;022939W
583;394726N;CACERES;373;3475X;CA?AVERAL;;062235W
584;385235N;ILLES BALEARS;6;B954;IBIZA, AEROPUERTO;8373;012304E
585;385615N;ALBACETE;880;8177A;CHINCHILLA;8278;013932W
586;414630N;SORIA;1081;2030;SORIA;8148;022859W
587;395025N;CUENCA;870;4075Y;VILLARES DEL SAZ;;023012W
588;401241N;CASTELLON;35;8503Y;TORREBLANCA;;001101E
589;284521N;STA. CRUZ DE TENERIFE;2223;C101A;ROQUE DE LOS MUCHACHOS;;175343W
590;413957N;BURGOS;790;2117D;ARANDA DE DUERO;8144;034434W
591;385921N;CIUDAD REAL;626;4121;CIUDAD REAL;8348;035513W
592;281819N;STA. CRUZ DE TENERIFE;990;C415A;CITFAGRO_64_HOYOS;;164820W
593;424947N;ARABA/ALAVA;660;9073X;AGURAIN/SALVATIERRA, OPAKUA;;022135W
594;414243N;VALLADOLID;846;2539;VALLADOLID AEROPUERTO;8140;045120W
595;383105N;CIUDAD REAL;804;4148;VISO DEL MARQU?S;8345;033400W
596;282839N;SANTA CRUZ DE TENERIFE;632;C447A;TENERIFE NORTE AEROPUERTO;60015;161946W
597;423444N;HUESCA;823;9201K;JACA;8091;003249W
598;422239N;LEON;1020;2737E;LAGUNAS DE SOMOZA;8123;061148W
599;414848N;BARCELONA;742;0120X;MOI?;;020543E
600;383306N;BADAJOZ;430;4395X;VILLAFRANCA DE LOS BARROS;;061824W
601;424303N;NAVARRA;612;9238X;NAVASCU?S/NABASKOZE;;010702W
602;401748N;SALAMANCA;880;2930Y;NAVASFR?AS;;064846W
603;421322N;GIRONA;731;321;CAMPDEVANOL;;021002E
604;382905N;BADAJOZ;170;4489X;ALCONCHEL;;071655W
605;405154N;TERUEL;932;9381;CALAMOCHA, AER?DROMO;;011818W
606;402906N;SALAMANCA;805;2945A;EL BOD?N BASE A?REA;;063437W
607;373552N;HUELVA;276;4589X;ALOSNO, THARSIS;;070710W
608;422759N;LLEIDA;1273;9689X;TORRE DE CABDELLA;;005927E
609;394915N;CACERES;406;3448X;SERRADILLA;;060739W
610;374038N;HUELVA;415;4608X;EL CAMPILLO;;063748W
611;424201N;LLEIDA;1161;9990X;NAUT ARAN, ARTIES;8107;005237E
612;393118N;ILLES BALEARS;120;B346X;PORRERES;8310;030109E
613;392751N;CACERES;523;3463Y;TRUJILLO;8263;055227W
614;374651N;JAEN;910;5165X;TORRES;;033349W
615;400013N;CACERES;313;3526X;CORIA;8251;063327W
616;381112N;CORDOBA;720;5346X;CARDE?A;;041621W
617;401226N;CACERES;450;3547X;VALVERDE DEL FRESNO;;065346W
618;381742N;ALBACETE;960;7072Y;YESTE;;021738W
619;363950N;CADIZ;105;5950X;SAN JOS? DEL VALLE;;054660W
620;392539N;CACERES;321;3562X;ALISEDA;;064411W
621;363107N;MALAGA;594;6050X;GAUC?N;;051907W
622;425231N;ARABA/ALAVA;910;9060X;LALASTRA;;031354W
623;391036N;BADAJOZ;392;4468X;PUEBLA DE OBANDO;;063603W
624;373809N;MURCIA;3;7019X;CARTAGENA/SALINAS CABO PALOS;;004256W
625;423413N;NAVARRA;470;9171K;LOS ARCOS;;021102W
626;380453N;BADAJOZ;771;4499X;MONESTERIO;;061619W
627;393325N;ILLES BALEARS;100;B614E;MANACOR;;031304E
628;374420N;MURCIA;50;7026X;TORRE-PACHECO;;005803W
629;421349N;LLEIDA;1196;9632X;TUIXENT;;013410E
630;373313N;HUELVA;60;4541X;EL GRANADO;;073112W
631;395237N;ILLES BALEARS;45;B760X;POLLEN?A;;030127E
632;383437N;ALICANTE;486;8008Y;VILLENA;;005156W
633;415224N;LLEIDA;520;9724X;OS DE BALAGUER;;004522E
634;380123N;JAEN;202;5298X;AND?JAR;8347;040348W
635;390006N;VALENCIA;88;8293X;X?TIVA;8290;003123W
636;412336N;LLEIDA;488;9776D;ELS TORMS;;004403E
637;374712N;SEVILLA;200;5654X;LA PUEBLA DE LOS INFANTES;;052216W
638;395234N;ILLES BALEARS;78;B800X;LA MOLA, MA?;;041926E
639;402600N;CASTELLON;1130;8489X;VILLAFRANCA DEL CID/VILAFRANCA;8241;001520W
640;380558N;SEVILLA;720;5726X;GUADALCANAL;;054909W
641;405517N;TERUEL;1006;9998X;BELLO;;012940W
642;425255N;ARABA/ALAVA;513;9091O;FORONDA-TXOKIZA;8080;024406W
643;285707N;LAS PALMAS;14;C029O;LANZAROTE AEROPUERTO;60040;133601W
644;372142N;SEVILLA;84;5788X;TOMARES, ZAUD?N;;060335W
645;365919N;HUELVA;5;5858X;ALMONTE;;062635W
646;421518N;LA RIOJA;1630;9115X;VALDEZCARAY;;025805W
647;283645N;LAS PALMAS;217;C258K;LA OLIVA;;135554W
648;364502N;CADIZ;27;5960;JEREZ DE LA FRONTERA AEROPUERTO;8451;060321W
649;422858N;LA RIOJA;429;9145Y;CENICERO;;023822W
650;280249N;SANTA CRUZ DE TENERIFE;64;C429I;TENERIFE SUR AEROPUERTO;60025;163340W
651;363958N;MALAGA;7;6155A;M?LAGA AEROPUERTO;8482;042856W
652;413429N;SORIA;1000;9352A;ALMAZUL;;020825W
653;283336N;STA. CRUZ DE TENERIFE;305;C449Q;CITFAGRO_97_TAGANANA;;161341W
654;393749N;ILLES BALEARS;25;B496X;SON SERVERA;;032301E
655;411952N;ZARAGOZA;582;9394X;CALATAYUD;8156;013843W
656;364254N;MALAGA;7;6175X;RINC?N DE LA VICTORIA;;041710W
657;282222N;STA. CRUZ DE TENERIFE;551;C456R;CITFAGRO_69_SUERTE;;163231W
658;412852N;ZARAGOZA;370;9427X;LA ALMUNIA DE DO?A GODINA;;012251W
659;364607N;MALAGA;41;6199X;V?LEZ-M?LAGA;;040537W
660;282112N;STA. CRUZ DE TENERIFE;525;C467I;CITFAGRO_73_REDON;;164230W
661;424545N;HUESCA;1800;9445L;FORMIGAL, SARRIOS;8096;002334W
662;365523N;GRANADA;708;6258X;LANJAR?N;;032933W
663;275942N;LAS PALMAS;1060;C614H;TEJEDA;60038;153657W
664;415253N;LLEIDA;400;9650X;ARTESA DE SEGRE;;010631E
665;365849N;ALMERIA;16;6332X;CARBONERAS;8488;015413W
666;413326N;TARRAGONA;657;9726E;LLORAC;;011834E
667;282641N;LAS PALMAS;25;C249I;FUERTEVENTURA AEROPUERTO;60035;135147W
668;355618N;ALMERIA;15;6381;ALBOR?N;8490;030210W
669;423748N;HUESCA;992;9784P;BIELSA;8103;001329E
670;382732N;MURCIA;485;7138B;JUMILLA;;012007W
671;280737N;STA. CRUZ DE TENERIFE;880;C426I;CITFAGRO_77_PINAL;;163621W
672;423919N;HUESCA;1206;9812M;PARADOR DE ORDESA, PARQUE NACIONAL ORDESA Y MONTEPERDIDO;;000557W
673;380741N;MURCIA;150;7158X;ARCHENA;;011821W
674;280003N;LAS PALMAS;10;C619I;LA ALDEA DE SAN NICOL?S;60027;154850W
675;283029N;STA. CRUZ DE TENERIFE;19;C449F;ANAGA;;161144W
676;423318N;HUESCA;2374;9839V;CERLER, COGULLA;8923;003235E
677;385715N;ALBACETE;702;8175;ALBACETE BASE A?REA;8280;015123W
678;274648N;LAS PALMAS;10;C629Q;MOG?N, PUERTO RICO;;154240W
679;282341N;STA. CRUZ DE TENERIFE;1744;C453I;CITFAGRO_88_GAITERO;;162600W
680;430528N;NAVARRA;334;9995Y;VALCARLOS/LUZAIDE;;011803W
681;392850N;VALENCIA;11;8416;VAL?NCIA;8285;002159W
682;274529N;LAS PALMAS;45;C639M;MASPALOMAS, C. INSULAR TURISMO;;153432W
683;282201N;STA. CRUZ DE TENERIFE;218;C468I;CITFAGRO_98_ELDRAGO;;164320W
684;424835N;CANTABRIA;770;9016X;VALDERREDIBLE, CUBILLO DE EBRO;;040156W
685;274523N;STA. CRUZ DE TENERIFE;20;C939T;FRONTERA, SABINOSA;;180627W
686;275409N;LAS PALMAS;306;C648C;AG?IMES;;152714W
687;424014N;ARABA/ALAVA;570;9178X;CAMPEZO/KANPEZU;;022046W
688;414312N;BARCELONA;291;0149X;MANRESA;8174;015025E
689;411250N;TARRAGONA;406;0009X;ALFORJA;;005748E
690;393305N;ILLES BALEARS;50;B158X;CALVI?, ES CAPDELL?;;022759E
691;414037N;GIRONA;45;0281Y;BLANES;;024818E
692;420858N;LA RIOJA;855;9188;ENCISO;;021624W
693;411735N;TARRAGONA;233;0034X;VALLS;;011539E
694;423258N;NAVARRA;375;9280B;LARRAGA;;015127W
695;415251N;GIRONA;810;0363X;SANT HILARI;;023048E
696;420605N;BARCELONA;682;0092X;BERGA;;015127E
697;415454N;ZARAGOZA;475;9299X;TARAZONA;;014324W
698;432125N;GIPUZKOA;4;1014;HONDARRIBIA, MALKARROA;8029;014732W
699;412429N;BARCELONA;647;0194D;CORBERA, PIC D'AGULLES;8179;015306E
700;430317N;GIPUZKOA;255;1025X;BEASAIN, ARRIARAN;;021355W
701;415903N;ZARAGOZA;543;9336D;CASTEJON DE VALDEJASA;;005945W
702;431902N;GIPUZKOA;150;1052A;MUTRIKU;;022350W
703;412230N;BARCELONA;11;0201X;BARCELONA, DRASSANES;;021026E
704;411735N;ZARAGOZA;703;9354X;ALHAMA DE ARAGON;;015343W
705;395926N;ILLES BALEARS;80;B825B;ES MERCADAL;;040511E
706;430838N;CANTABRIA;1100;1167B;CAMALE?O, FUENTE DE;;044846W
707;413125N;BARCELONA;146;0229I;SABADELL AEROPUERTO;8192;020611E
708;430843N;LEON;953;1178Y;POSADA DE VALDE?N, SOTO;;045554W
709;423046N;HUESCA;775;9460X;SABI??NIGO;;002120W
710;385522N;ILLES BALEARS;3;B957;EIVISSA;;012629E
711;431808N;GIPUZKOA;28;1041A;ZUMAIA;8026;021504W
712;433921N;ASTURIAS;100;1210X;CABO PE?AS;8012;055055W
713;365554N;CADIZ;530;5919X;OLVERA;;051534W
714;430818N;GIPUZKOA;470;1049N;ELGETA;;022945W
715;432835N;A CORU?A;4;1354C;FERROL;8005;081544W
716;425529N;A CORU?A;230;1400;FISTERRA;8040;091729W
717;431521N;CANTABRIA;80;1089U;RAMALES DE LA VICTORIA;;032815W
718;362756N;CADIZ;28;5972X;SAN FERNANDO;8453;061220W
719;422550N;PONTEVEDRA;19;1484;PONTEVEDRA, INSTITUTO;;083850W
720;431444N;CANTABRIA;196;1124E;VILLACARRIEDO;;035058W
721;364304N;MALAGA;54;6156X;M?LAGA, CENTRO METEOROL?GICO;8481;042854W
722;413702N;LLEIDA;199;9771;LLEIDA, OBSERVATORIO;;003716E
723;433220N;ASTURIAS;3;1208;GIJ?N;;053815W
724;380611N;MURCIA;643;7119B;CARAVACA DE LA CRUZ;8365;015238W
725;404913N;TARRAGONA;50;9981A;ESTACI?N DE TORTOSA (ROQUETES);8238;002936E
726;420445N;OURENSE;616;1735X;XINZO DE LIMIA;8050;074401W
727;425719N;ASTURIAS;1310;1302F;DEGA?A;;062821W
728;380257N;MURCIA;690;7127X;BULLAS;;014143W
729;403924N;AVILA;1143;2444C;?VILA, AYUNTAMIENTO;;044201W
730;432553N;LUGO;125;1344X;MONDO?EDO;;072142W
731;404735N;MADRID;1893;2462;PUERTO DE NAVACERRADA;8215;040038W
732;374531N;MURCIA;281;7218Y;TOTANA;;013046W
733;410735N;SEGOVIA;870;2482B;MIGUELA?EZ;;042233W
734;382359N;ALICANTE;575;7247X;EL PIN?S/PINOSO;8357;010217W
735;413319N;ZAMORA;702;2565;CORESES;;053750W
736;430938N;A CORU?A;50;1393;CABO VIL?N;8006;091239W
737;384648N;VALENCIA;622;8005X;FONTANARS DELS ALFORINS;;004745W
738;405413N;SALAMANCA;817;2873X;BARBADILLO;;054647W
739;425954N;LUGO;442;1518A;LUGO;;073309W
740;425705N;BURGOS;915;9012E;SANTA GADEA DE ALFOZ;;035726W
741;414100N;ZAMORA;840;2966D;ALCA?ICES;;061805W
742;415804N;SORIA;1197;2005Y;VINUESA, QUINTANAREJO;;024658W
743;405323N;MADRID;1159;3104Y;RASCAFR?A;;035318W
744;424114N;BURGOS;460;9069C;MIRANDA DE EBRO;;025738W
745;403805N;GUADALAJARA;685;3168A;GUADALAJARA, INSTITUTO;;031000W
746;412510N;SORIA;978;2048A;MOR?N DE ALMAZ?N;;022513W
747;424231N;HUESCA;1025;9208E;ARAG??S DEL PUERTO;8095;004022W
748;414445N;BURGOS;955;2106B;CORU?A DEL CONDE;;032255W
749;401842N;MADRID;533;3182Y;ARGANDA DEL REY;;032952W
750;424204N;NAVARRA;585;9262P;MONREAL/ELO;;012944W
751;403935N;MADRID;924;3268C;ALPEDRETE;;040103W
752;425338N;PALENCIA;1575;2362C;VELILLA DEL R?O CARRI?N, CAMPORREDONDO DE ALBA;;044249W
753;424634N;NAVARRA;572;9263X;ARANGUREN, ILUNDAIN;8089;013157W
754;400640N;CACERES;690;3436D;GARGANTA LA OLLA;;054705W
755;422836N;LEON;919;2734D;ASTORGA;;060428W
756;425508N;NAVARRA;432;9274X;IRURTZUN;;015006W
757;392453N;CACERES;444;3576X;VALENCIA DE ALC?NTARA;8260;071352W
758;413202N;ZAMORA;790;2804F;VILLADEPERA;;060831W
759;411433N;ZARAGOZA;215;9574B;CASPE, PLANA DEL PIL?N;8165;000407W
760;392500N;CUENCA;728;4090Y;SAN CLEMENTE;8256;022514W
761;405734N;SALAMANCA;790;2867;SALAMANCA AEROPUERTO;8202;052954W
762;364454N;GRANADA;20;6267X;SALOBRE?A;;033443W
763;422837N;HUESCA;825;9843A;SEIRA;;002603E
764;395607N;TOLEDO;733;3099Y;OCA?A;;032946W
765;420820N;HUESCA;463;9901X;HUESCA;;002342W
766;365047N;ALMERIA;21;6325O;ALMER?A AEROPUERTO;8487;022125W
767;403933N;GUADALAJARA;639;3168C;GUADALAJARA, EL SERRANILLO;8226;031024W
768;414651N;HUESCA;218;9918Y;TAMARITE DE LITERA, LA MELUSA;;002237E
769;384631N;CIUDAD REAL;535;4300Y;ALMAD?N;;045043W
770;373517N;MURCIA;66;7007Y;MAZARR?N;;011350W
771;402654N;MADRID;665;3194Y;POZUELO DE ALARC?N;;034848W
772;381606N;MURCIA;955;7080X;MORATALLA;;015911W
773;374354N;HUELVA;270;4584X;EL CERRO DE AND?VALO;;065632W
774;392833N;CACERES;459;3469;C?CERES, CIUDAD;;062235W
775;285811N;LAS PALMAS;376;C018J;T?AS;;134125W
776;380229N;MURCIA;255;7172X;MULA;;012657W
777;392931N;TOLEDO;690;4067;MADRIDEJOS;8273;033142W
778;285132N;LAS PALMAS;6;C019V;YAIZA PLAYA BLANCA;;135006W
779;383606N;MURCIA;640;7275C;YECLA;8356;010935W
780;385703N;CIUDAD REAL;626;4116I;ALMAGRO / FAMET;8349;034431W
781;290837N;LAS PALMAS;277;C038N;HAR?A;;132921W
782;384703N;ALICANTE;15;8050X;J?VEA/ X?BIA;8370;001000E
783;385457N;BADAJOZ;228;4410X;M?RIDA;8331;062308W
784;283759N;SANTA CRUZ DE TENERIFE;33;C139E;LA PALMA AEROPUERTO;60005;174518W
785;385544N;VALENCIA;5;8058X;OLIVA;8282;000545W
786;384120N;BADAJOZ;371;4436Y;ALMENDRALEJO;;062140W
787;280625N;STA. CRUZ DE TENERIFE;1474;C314Z;VALLEHERMOSO, ALTO IGUALERO;;171457W
788;402103N;TERUEL;902;8368U;TERUEL;8235;010727W
789;371048N;GRANADA;1197;5107D;D?LAR;;025911W
790;381231N;BADAJOZ;602;4501X;FUENTE DE CANTOS;;061841W
791;281225N;SANTA CRUZ DE TENERIFE;403;C419L;LOMO DEL BALO;60024;164731W
792;401338N;CASTELLON;420;8492X;ATZENETA DEL MAESTRAT;;001011W
793;381853N;JAEN;580;5181D;ARROYO DEL OJANCO;8352;025323W
794;381755N;BADAJOZ;381;4511C;JEREZ DE LOS CABALLEROS;8337;064554W
795;282141N;STA. CRUZ DE TENERIFE;906;C456P;CITFAGRO_70_BENIJO;;163248W
796;404643N;GUADALAJARA;1185;9377Y;EL PEDREGAL;;013406W
797;382040N;JAEN;770;5246;SANTA ELENA;8350;033207W
798;280647N;LAS PALMAS;15;C659M;LAS PALMAS DE GRAN CANARIA, PL. DE LA FERIA;60032;152517W
799;375056N;CORDOBA;90;5402;C?RDOBA AEROPUERTO;8410;045048W
800;423730N;LLEIDA;952;9657X;ESTERRI D'?NEU;;010734E
801;372905N;CORDOBA;550;5412X;PRIEGO DE C?RDOBA;;041228W
802;280830N;LAS PALMAS;86;C669B;ARUCAS;;153024W
803;381604N;BADAJOZ;581;5473X;AZUAGA;;054110W
804;421907N;HUESCA;760;9751;SOPEIRA;;004449E
805;291347N;LAS PALMAS;19;C839X;LA GRACIOSA;60045;133037W
806;374837N;CORDOBA;275;5429X;C?RDOBA, PR?GDENA;;042744W
807;412158N;LLEIDA;673;9772X;LA POBLA DE C?RVOLES;;005449E
808;370352N;GRANADA;3092;5511;PRADOLLANO, PARQUE NACIONAL SIERRA NEVADA;;032217W
809;413540N;BARCELONA;738;0158X;MONISTROL DE MONTSERRAT;;015021E
810;375535N;SEVILLA;550;5704B;CAZALLA DE LA SIERRA;8392;054611W
811;370940N;GRANADA;760;5582A;LOJA;8414;040910W
812;421205N;HUESCA;600;9855E;CAPELLA, LAGUARRES;;002758E
813;412506N;BARCELONA;408;0200E;BARCELONA, FABRA;;020727E
814;370952N;SEVILLA;87;5796;MOR?N DE LA FRONTERA;8397;053641W
815;371351N;CORDOBA;465;5598X;BENAMEJ?;;043252W
816;410018N;TARRAGONA;112;9975X;RASQUERA;;003649E
817;431250N;GIPUZKOA;165;1021X;ERRENTERIA, A?ARBE;;015244W
818;364460N;MALAGA;760;6032X;RONDA INSTITUTO;;051007W
819;363757N;MALAGA;676;6045X;ALPANDEIRE;;051211W
820;431823N;GIPUZKOA;250;1024E;DONOSTIA / SAN SEBASTI?N, IGELDO;8027;020228W
821;364260N;MALAGA;25;6172O;M?LAGA, PUERTO;8479;042511W
822;365117N;MALAGA;172;6127X;?LORA;;044148W
823;430306N;GIPUZKOA;460;1037X;LEGAZPI;;022014W
824;364546N;MALAGA;169;6213X;NERJA;;035043W
825;432230N;BIZKAIA;81;1059X;PUNTA GALEA;8059;030118W
826;372424N;ALMERIA;508;6364X;ALBOX;;020905W
827;364952N;ALMERIA;7;6297;ALMER?A;;022720W
828;430328N;ARABA/ALAVA;617;1044X;ARAMAIO, ETXAGUEN;;023523W
829;365632N;ALMERIA;222;6332Y;CARBONERAS;8488;015425W
830;432526N;CANTABRIA;3;1109;SANTANDER AEROPUERTO;8021;034932W
831;374827N;MURCIA;205;7020C;MURCIA AEROPUERTO;;010741W
832;430547N;BIZKAIA;270;1064L;OROZKO, IBARRA;;025137W
833;374720N;MURCIA;4;7031;SAN JAVIER AEROPUERTO;8433;004812W
834;383231N;ALBACETE;605;7096B;HELL?N;8355;014211W
835;432928N;CANTABRIA;52;1111;SANTANDER;8023;034802W
836;383517N;ALBACETE;615;7103Y;TOBARRA;;014122W
837;431210N;BIZKAIA;100;1074C;AMOREBIETA-ETXANO;;024222W
838;392332N;VALENCIA;186;8337X;TUR?S;;003729W
839;382308N;ALICANTE;233;8013X;NOVELDA;;004528W
840;430139N;ASTURIAS;780;1309C;IBIAS, SAN ANTOLIN;;065306W
841;424458N;HUESCA;1197;9198X;CANFRANC;;003058W
842;390801N;VALENCIA;305;8270X;BICORP;;004724W
843;422921N;NAVARRA;390;9252X;OLITE/ERRIBERRI;;013920W
844;425317N;A CORU?A;370;1428;SANTIAGO DE COMPOSTELA AEROPUERTO;8042;082438W
845;425814N;NAVARRA;615;9257X;ESTERIBAR, EMBALSE DE EUGI;;013101W
846;425059N;ARABA/ALAVA;521;9087;VITORIA AER?DROMO;;023922W
847;424418N;A CORU?A;100;1473A;PADR?N;8039;083738W
848;413938N;ZARAGOZA;249;9434;ZARAGOZA, AEROPUERTO;8160;010015W
849;423402N;ARABA/ALAVA;575;9145X;LEZA;;023758W
850;423519N;LUGO;612;1658;FOLGOSO DO COUREL;;071130W
851;424157N;HUESCA;1100;9453X;BIESCAS, EMBALSE DE B?BAL;;001908W
852;421217N;LLEIDA;807;9698U;TALARN;8112;005153E
853;421760N;OURENSE;112;1701X;RIBADAVIA;;080745W
854;404754N;TERUEL;755;9561X;CASTELLOTE;;001855W
855;413734N;LLEIDA;186;9771C;LLEIDA;8171;003553E
856;432238N;CANTABRIA;150;1740;SANTILLANA DEL MAR, ALTAMIRA;;040728W
857;414626N;HUESCA;380;9908X;LANAJA;;001959W
858;414319N;SORIA;960;2084Y;UCERO;;030249W
859;411038N;TARRAGONA;370;9947X;LA POBLA DE MASSALUCA;;002112E
860;431521N;CANTABRIA;940;1176A;TRESVISO;;044006W
861;412222N;SEGOVIA;993;2135A;FRESNO DE CANTESPINO;;033026W
862;412510N;VALLADOLID;724;2507Y;RUEDA;;045749W
863;431415N;ASTURIAS;1236;1178R;SOTRES, PARQUE NACIONAL PICOS DE EUROPA;;044412W
864;402102N;AVILA;1525;2811A;NAVARREDONDA DE GREDOS;8206;050835W
865;433401N;ASTURIAS;127;1212E;ASTURIAS AEROPUERTO;8011;060239W
866;404356N;SALAMANCA;897;2863C;PEDRAZA DE ALBA;;052158W
867;424137N;PONTEVEDRA;269;1468X;A ESTRADA;;083007W
868;411816N;ZAMORA;804;2885K;FRESNO DE SAYAGO;;060120W
869;421419N;PONTEVEDRA;255;1495;VIGO AEROPUERTO;8045;083726W
870;402800N;MADRID;609;3129;MADRID AEROPUERTO;8221;033320W
871;421956N;OURENSE;148;1690B;OURENSE,INSTITUTO;;075152W
872;404555N;GUADALAJARA;835;3209Y;BRIHUEGA;;025227W
873;421058N;OURENSE;492;1706A;ALLARIZ;;074746W
874;400451N;CACERES;351;3512X;MONTEHERMOSO;;062020W
875;422125N;BURGOS;891;2331;BURGOS AEROPUERTO;8075;033713W
876;401029N;CACERES;560;3536X;HOYOS;;064328W
877;405648N;SEGOVIA;990;2465A;SEGOVIA, INSTITUTO;;040657W
878;390060N;ALBACETE;918;4096Y;MUNERA;;022920W
879;413254N;ZAMORA;710;2536D;MORALES DEL TORO;;051617W
880;381354N;BADAJOZ;655;4386B;LLERENA;8336;060101W
881;420539N;VALLADOLID;782;2593D;VILLAL?N DE CAMPOS;;050228W
882;375207N;HUELVA;572;4560Y;ALAJAR;8380;064030W
883;423712N;LEON;916;2626Y;CUBILLAS DE RUEDA;;051136W
884;373431N;HUELVA;280;4575X;VALVERDE DEL CAMINO;;064604W
885;420441N;ZAMORA;737;2777K;SANTIBA?EZ DE VIDRIALES;;060026W
886;372703N;HUELVA;145;4622X;VILLARRASA;;063812W
887;403806N;SALAMANCA;680;2946X;SAELICES EL CHICO;8195;063600W
888;375457N;JAEN;782;5038X;CAZORLA;8353;030014W
889;384008N;CIUDAD REAL;665;5304Y;PUERTOLLANO;;040333W
890;403418N;CUENCA;1214;3040Y;BETETA;;020435W
891;371123N;GRANADA;775;5515X;GRANADA-CARTUJA;;033544W
892;403749N;GUADALAJARA;727;3168D;GUADALAJARA;8226;030901W
893;370553N;HUELVA;41;5860E;MOGUER, EL ARENOSILLO;8384;064417W
894;402540N;MADRID;763;3338;ROBLEDO DE CHAVELA;8212;041460W
895;363820N;CADIZ;21;5910;ROTA, BASE NAVAL;8449;061957W
896;400235N;CACERES;415;3519X;PLASENCIA;8252;060509W
897;362608N;CADIZ;42;6042I;JIMENA DE LA FRONTERA;;052342W
898;393550N;TOLEDO;692;4061X;QUINTANAR DE LA ORDEN;8275;030254W
899;391010N;BADAJOZ;447;4244X;HERRERA DEL DUQUE;8264;050344W
900;363714N;MALAGA;85;6088X;TORREMOLINOS;;043054W
901;385300N;BADAJOZ;186;4452;BADAJOZ AEROPUERTO;8330;064850W
902;370146N;MALAGA;408;6106X;ANTEQUERA;8413;044454W
903;363928N;MALAGA;230;6143X;CO?N;;044539W
904;381042N;BADAJOZ;586;4520X;FREGENAL DE LA SIERRA;;063942W
905;364629N;ALMERIA;98;6291B;EL EJIDO;;024847W
906;355319N;CEUTA;87;5000C;CEUTA;60320;052049W
907;382336N;ALBACETE;680;7066Y;YESTE, EMBALSE FUENSANTA;;021308W
908;380048N;CORDOBA;155;5361X;MONTORO;;041949W
909;390648N;VALENCIA;25;8300X;CARCAIXENT;;002645W
910;374728N;SEVILLA;450;5733X;ALMAD?N DE LA PLATA;;060430W
911;402511N;TERUEL;1130;8354X;ALBARRAC?N;;012629W
912;371436N;SEVILLA;255;5998X;OSUNA;;050645W
913;392906N;VALENCIA;56;8414A;VALENCIA AEROPUERTO;8284;002829W
914;364322N;GRANADA;12;6268X;MOTRIL;8485;033149W
915;424449N;BURGOS;1017;9027X;SARGENTES DE LA LORA;;035304W
916;364403N;GRANADA;235;6272X;CASTELL DE FERRO;;032248W
917;421034N;LA RIOJA;371;9293X;ALFARO, LA PLANA;;014438W
918;370545N;GRANADA;2300;6299I;LAGUNA SECA, PARQUE NACIONAL SIERRA NEVADA;;025752W
919;405943N;TERUEL;1255;9436X;FONFR?A;;010515W
920;364319N;ALMERIA;42;6329X;CABO DE GATA;;021135W
921;420146N;HUESCA;390;9491X;ALMUD?VAR;;003509W
922;374642N;MURCIA;4;7031X;SAN JAVIER AEROPUERTO;8433;004821W
923;410152N;TERUEL;800;9513X;MUNIESA;;004820W
924;381358N;MURCIA;265;7145D;CIEZA;8363;012250W
925;422549N;LLEIDA;1940;9590D;CAP DE REC;8940;014003E
926;380007N;MURCIA;62;7178I;MURCIA;8430;011015W
927;422117N;LLEIDA;677;9619;LA SEU D'URGELL;8115;012746E
928;375142N;MURCIA;157;7227X;ALHAMA DE MURCIA;;012005W
929;413701N;LLEIDA;252;9729X;MOLLERUSSA;;005160E
930;381715N;ALICANTE;110;8018X;ELX/ELCHE;;004050W
931;420117N;HUESCA;305;9866C;BARBASTRO;;000826E
932;381658N;ALICANTE;43;8019;ALICANTE-ELCHE AEROPUERTO;8360;003415W
933;394512N;VALENCIA;515;8395X;CHELVA;;005937W
934;402550N;TERUEL;1380;8458X;CEDRILLAS;;005058W
935;400516N;CASTELLON;601;8472A;MONTANEJOS;;003249W
936;425219N;ARABA/ALAVA;513;9091R;VITORIA-GASTEIZ AEROPUERTO;8080;024358W
937;425145N;NAVARRA;838;9218A;ISABA/IZABA;;005529W
938;422927N;ZARAGOZA;626;9244X;SOS DEL REY CAT?LICO;8090;011248W
939;423117N;NAVARRA;440;9245X;C?SEDA;;012159W
940;420135N;SORIA;1096;9287A;SAN PEDRO MANRIQUE;;021351W
941;415732N;NAVARRA;410;9301X;MONTEAGUDO;;014126W
942;414052N;LLEIDA;463;9718X;TORDERA - GRANYANELLA;;011323E
943;413902N;LLEIDA;388;9720X;T?RREGA;8173;010858E
944;423815N;HUESCA;1076;9814X;TORLA - ORDESA;;000643W
945;423558N;HUESCA;1120;9838B;BENASQUE;;003114E
946;404157N;TARRAGONA;1;9987P;SANT JAUME D'ENVEJA;8240;004836E
947;424131N;LLEIDA;2467;9988B;CAP DE VAQU?IRA;8936;005826E
